pickup_hour,trip_count,avg_fare,avg_distance,avg_duration,company,month
0,14873,13.047754992267869,3.3825045384253345,12.391527152110086,yellow,1
1,10739,12.497117981190053,3.21609460843654,11.9201570599373,yellow,1
2,8015,12.299831565814097,3.175923892701185,11.522798918694116,yellow,1
3,5761,12.785367123763235,3.4018451657698314,11.555002025111381,yellow,1
4,4344,14.78879373848987,4.176758747697974,12.099508901166361,yellow,1
5,4812,15.186764339152122,4.436936824605154,11.888982405098366,yellow,1
6,11150,12.14542600896861,3.227561434977578,10.959173393124066,yellow,1
7,19329,11.509235345853382,2.71958559677169,12.244754858847672,yellow,1
8,23819,11.467536840337546,2.419203157143457,13.260817694557566,yellow,1
9,23804,11.819450512518905,2.4766505629306,13.682456029798914,yellow,1
10,23321,11.790554007118049,2.494922173148664,13.486407100896187,yellow,1
11,23942,11.689720992398295,2.438812964664606,13.348431626430541,yellow,1
12,25805,11.914480139507846,2.5223383065297424,13.498170897112962,yellow,1
13,25596,12.272987966869824,2.694467104235037,13.788306115538887,yellow,1
14,27173,12.661677032348287,2.8030103411474623,14.76499282375888,yellow,1
15,28049,12.543174444721737,2.7658597454454705,14.788090484509253,yellow,1
16,26273,12.660202489247517,2.83870475392989,14.77871262005354,yellow,1
17,29431,12.166995005266557,2.647277020828378,14.535666474125922,yellow,1
18,33080,11.561360640870616,2.4997007255139057,13.502028919790407,yellow,1
19,31000,11.498565161290323,2.5940474193548386,12.67002311827957,yellow,1
20,27429,11.929126471982208,2.886330161507893,12.351207359607228,yellow,1
21,27453,12.324308818708339,3.0585047171529527,12.472786216442648,yellow,1
22,25510,12.63746060368483,3.1696648373186984,12.5443754083366,yellow,1
23,19292,12.78678726933444,3.2791939664109475,12.349922247563757,yellow,1
0,14857,12.93080231540688,3.3351389917210743,12.329878171905499,yellow,2
1,10279,12.028992119856017,3.067556182508026,11.39978272854039,yellow,2
2,7513,11.723175828563823,2.9692120324770395,11.094662584852921,yellow,2
3,5435,12.4229990800368,3.2639080036798527,11.329061637534497,yellow,2
4,4124,14.456595538312317,4.054335596508245,11.72417555771096,yellow,2
5,4677,15.800844558477657,4.614902715415865,11.818861806000998,yellow,2
6,10943,12.20455999268939,3.250943982454537,10.844197203691857,yellow,2
7,18544,11.540161238136324,2.7170960957722174,12.048304033649698,yellow,2
8,23561,11.54537371079326,2.4332799966045586,13.251943182943565,yellow,2
9,23620,11.728937341236241,2.446096104995766,13.587531047135196,yellow,2
10,22858,11.740703473619739,2.507612652025549,13.296969696969699,yellow,2
11,23997,11.70886860857607,2.467710963870484,13.342733119417705,yellow,2
12,25835,11.778529127153087,2.525064447455003,13.339323269466487,yellow,2
13,26501,12.205758650616957,2.706563525904683,13.756247562985044,yellow,2
14,27721,12.593403556870243,2.7941351322102377,14.63159397809122,yellow,2
15,28029,12.536212494202433,2.7741906596739088,14.795310809043015,yellow,2
16,25855,12.627337072133049,2.8207600077354478,14.824322181396248,yellow,2
17,29466,12.14785210072626,2.618810154075884,14.537787054005747,yellow,2
18,32953,11.682667738900859,2.5054741601675112,13.79294045054067,yellow,2
19,31093,11.584088701637025,2.5854034670183,12.972534546896943,yellow,2
20,27559,12.10504953009906,2.8936953445335463,12.768199741161386,yellow,2
21,27445,12.495500091091273,3.0650927309163785,12.867410578733223,yellow,2
22,26313,12.581413749857484,3.1215874282673965,12.87795893031328,yellow,2
23,20822,12.943190375564306,3.3039664777639035,12.788041494573047,yellow,2
0,15719,12.965919587760036,3.3592989375914497,12.43066034735034,yellow,3
1,10621,12.226341210808775,3.1458356086997457,12.294650535103411,yellow,3
2,7187,12.034996521497149,3.0932767496869347,11.16645331849172,yellow,3
3,5721,12.661422828176892,3.362705820660724,11.384521936724349,yellow,3
4,4719,14.481883873702055,4.093602458147912,11.875898848626122,yellow,3
5,4823,15.213352685050799,4.437590711175617,11.640196281705714,yellow,3
6,11365,12.908421469423669,3.4772468103827543,11.582872855257369,yellow,3
7,18829,11.858197461362792,2.850914015614212,12.525200488607998,yellow,3
8,23665,11.918781745193323,2.5876961757870274,13.62850412000845,yellow,3
9,23667,12.018898043689527,2.5193366290615624,14.012427993971917,yellow,3
10,23245,12.328511938051195,2.6340714132071414,14.278858535885853,yellow,3
11,23987,12.183162129486806,2.5434856380539457,14.234233821097538,yellow,3
12,25251,12.425191081541325,2.6236105500772244,14.394414082610588,yellow,3
13,25233,12.660089565251852,2.7472678635120675,14.674615913023949,yellow,3
14,26502,13.180184514376274,2.922653007320202,15.783247805197092,yellow,3
15,26889,13.105787124846591,2.853871471605489,15.991737017615629,yellow,3
16,25377,13.394845726445206,2.965168065571187,16.279431506219545,yellow,3
17,28812,12.784367971678469,2.7900378314591143,15.700403188486279,yellow,3
18,32449,11.993676538568215,2.5935132053376067,14.138938539451653,yellow,3
19,30976,11.781650955578511,2.6463536286157026,13.28037243887741,yellow,3
20,28167,11.994554265629992,2.8438591259275037,12.873196175193192,yellow,3
21,28319,12.585260778982308,3.08819802959144,13.121553844886236,yellow,3
22,26653,12.84396803361723,3.1835725809477355,13.160002626346001,yellow,3
23,21824,13.066970307917888,3.3067283724340175,12.99046004398827,yellow,3
0,15320,13.17857767624021,3.3964464751958223,12.848525892080069,yellow,4
1,10437,12.49599597585513,3.227091118137396,11.902534253137874,yellow,4
2,7684,12.144390942217594,3.1385411244143673,11.426197293076521,yellow,4
3,5353,12.645819166822344,3.364201382402391,11.475340930319447,yellow,4
4,4145,14.935587454764777,4.2398021712907115,12.158134298351428,yellow,4
5,4733,15.500340164800338,4.552560743714346,11.615571519121065,yellow,4
6,11240,12.5423487544484,3.3427660142348756,11.20957147093713,yellow,4
7,18895,11.918658904472082,2.806057157978301,12.801776484078681,yellow,4
8,23413,12.101973262717294,2.564441122453338,14.16904995800054,yellow,4
9,23340,12.371401028277635,2.5562579263067695,14.676456726649528,yellow,4
10,23036,12.663249262024657,2.7021071366556693,14.743625918851654,yellow,4
11,24184,12.712820459808137,2.6857575256367845,14.92751268056015,yellow,4
12,25518,12.954679833842778,2.7573610784544242,15.215141599393892,yellow,4
13,25736,13.265328722412185,2.9077144855455392,15.470505647083204,yellow,4
14,26842,13.773973995976455,3.021967066537516,16.785254451978243,yellow,4
15,26568,13.704891598915989,2.9746815718157182,17.04173880859179,yellow,4
16,24530,13.95753648593559,3.10464288626172,17.114328713140374,yellow,4
17,28813,13.210903758720022,2.876269739353764,16.197220004858917,yellow,4
18,32693,12.42419631113694,2.7031159575444286,14.656533508702168,yellow,4
19,31600,12.002501898734177,2.716462974683544,13.37304746835443,yellow,4
20,29478,12.388908338421874,2.971929913834046,13.197301377298324,yellow,4
21,28780,12.875851633078527,3.1792977762334957,13.325937572388233,yellow,4
22,26673,13.003858958497357,3.2139538109698944,13.42445669153576,yellow,4
23,20989,13.636071275429988,3.486511982467006,13.65539409531977,yellow,4
0,15060,13.40119588313413,3.511925630810093,12.836488490482514,yellow,5
1,10210,12.869559255631735,3.3751988246816844,11.813540646425073,yellow,5
2,7214,12.298604103132798,3.2441585805378432,11.158619813325942,yellow,5
3,5071,13.010315519621376,3.534902386117137,11.44042923815158,yellow,5
4,4224,14.849786931818182,4.228229166666667,12.020261205808081,yellow,5
5,4929,15.432749036315684,4.490395617772368,11.638192331101644,yellow,5
6,11628,12.679437564499484,3.4084700722394223,11.345765967205597,yellow,5
7,19933,12.349884613455075,2.9393051723272965,13.421882472951054,yellow,5
8,23160,12.694528497409328,2.741906303972366,14.904958261370178,yellow,5
9,23583,12.999128609591656,2.7537467667387525,15.373685140426012,yellow,5
10,23912,13.074293660086987,2.7775234192037472,15.46308269209323,yellow,5
11,24696,13.366058066083575,2.8011860220278586,16.00544420149012,yellow,5
12,25948,13.55294550639741,2.8341533066132265,16.271995272596474,yellow,5
13,26093,13.880231096462653,2.9666377955773577,16.698325221323728,yellow,5
14,27046,14.26565111291873,3.092393329882422,17.859397569572828,yellow,5
15,26323,14.18902670668237,2.996161531740303,18.13213286226241,yellow,5
16,24357,14.569756538161514,3.158944861846697,18.475454010482956,yellow,5
17,28161,13.967036326834986,2.9760843009836297,17.71165559935135,yellow,5
18,31625,12.855710988142292,2.721105138339921,15.596960737812912,yellow,5
19,30710,12.239036795831977,2.7349501790947577,13.81991262346684,yellow,5
20,28071,12.471002101813259,3.026256991200883,13.130234049374799,yellow,5
21,28851,13.046644137118296,3.228907143599875,13.659959215740644,yellow,5
22,26811,13.123841333780911,3.26297974711872,13.56768677035545,yellow,5
23,22384,13.757525464617585,3.546410829163688,13.627854717655469,yellow,5
0,16920,13.464543144208038,3.4673055555555554,13.154995074862097,yellow,6
1,11293,12.766804215000441,3.3406508456566018,11.975647156055373,yellow,6
2,8053,12.179006581398236,3.195309822426425,11.252220704499358,yellow,6
3,5709,13.049576107899806,3.526002802592398,11.566190809832428,yellow,6
4,4432,14.874099729241877,4.241574909747293,12.336770457280386,yellow,6
5,5134,15.48422282820413,4.53373782625633,11.622068562524348,yellow,6
6,11561,12.675071360608944,3.4168817576334227,11.24839546752011,yellow,6
7,18309,12.347493582391174,2.9970227756840897,13.069103537422398,yellow,6
8,22678,12.587562836228944,2.7464031219684277,14.633991827615604,yellow,6
9,23240,12.81802925989673,2.727067555938038,15.036901176133103,yellow,6
10,23175,13.048255879180152,2.813424811218986,15.200359582883854,yellow,6
11,24235,13.138767485042296,2.773648854961832,15.557355752699264,yellow,6
12,25657,13.341585921970612,2.8036294188720428,15.965134920944251,yellow,6
13,25927,13.848055309137195,3.021171751456011,16.505903755415847,yellow,6
14,26712,14.162190026954177,3.109497229709494,17.451000174703005,yellow,6
15,25621,14.203468248702237,3.0790464853050232,17.89489546335688,yellow,6
16,24546,14.226805589505418,3.0843493848284855,17.834617996143294,yellow,6
17,27582,13.623227829744035,2.91519396707998,17.03389045996181,yellow,6
18,31428,12.667038946162657,2.7290355733740617,15.16576301387298,yellow,6
19,30430,12.120046335852777,2.735463687150838,13.513794501040639,yellow,6
20,27557,12.37017091845992,3.0121228725913562,13.033763955921666,yellow,6
21,28673,12.787315593066648,3.1347438356642137,13.534493542124414,yellow,6
22,27619,13.169669068394946,3.2474655128715737,13.820722449521464,yellow,6
23,23509,13.522907397167044,3.4040682291888213,13.917460688814213,yellow,6
0,16457,13.657732271981526,3.595852828583581,12.891772498025157,yellow,7
1,11210,13.085058876003568,3.472538804638716,11.871381207255425,yellow,7
2,8021,12.468435357187383,3.273808752025932,11.308041391347713,yellow,7
3,5731,12.366258942592916,3.280101203978363,11.097946838829756,yellow,7
4,4407,14.990937145450419,4.281279782164738,12.230179260267755,yellow,7
5,5014,15.722782209812525,4.6433187076186675,11.812232415902141,yellow,7
6,11684,12.801983909619993,3.4677884286203353,11.151486363117654,yellow,7
7,17600,12.203661931818182,3.0055982954545453,12.429517992424243,yellow,7
8,22158,12.585026175647622,2.747577849986461,14.406381442368444,yellow,7
9,22918,12.674953311807315,2.681872763766472,14.773594990836896,yellow,7
10,22992,12.74339770354906,2.7806824112734865,14.595429569705404,yellow,7
11,24009,12.829906701653545,2.7780936315548335,14.74681438904855,yellow,7
12,25931,13.036991631637807,2.8224453356985846,14.977482549843815,yellow,7
13,26491,13.186707938545167,2.9088845268204295,15.11065456192669,yellow,7
14,27425,13.72716390154968,3.088403281677302,16.193642661804923,yellow,7
15,26813,13.518045351135642,2.9765281766307385,16.24327067715909,yellow,7
16,25306,13.645186517031535,3.0015909270528724,16.22799072683685,yellow,7
17,28659,13.427902578596601,2.9304434907010015,16.09087430359282,yellow,7
18,31852,12.699174306166016,2.788373728494286,14.82096571643853,yellow,7
19,30460,12.080025935653318,2.7313299409061065,13.45798260013132,yellow,7
20,27722,12.619392900945098,3.051424500396797,13.406529711661015,yellow,7
21,28114,12.671587821014441,3.106183751867397,13.462564321453131,yellow,7
22,26687,13.132181586540264,3.278477535878892,13.571527335406751,yellow,7
23,22339,13.530687586731727,3.471479923004611,13.449092767506752,yellow,7
0,15696,13.670001274209989,3.6261187563710497,12.855879417261297,yellow,8
1,10754,13.291288822763622,3.576449693137437,11.888918851900069,yellow,8
2,7727,12.754238384884172,3.4096971657823216,11.461735904404469,yellow,8
3,5481,12.887805145046524,3.451424922459405,11.390652557319223,yellow,8
4,4239,14.945227648030196,4.270960132106628,12.111280176142172,yellow,8
5,5076,15.121408589440506,4.410315208825847,11.427626740215393,yellow,8
6,11875,12.768993684210525,3.4744833684210525,10.953484912280702,yellow,8
7,17642,12.195236934587914,3.0268127196462986,12.237319087027169,yellow,8
8,22628,12.504863001590948,2.7518817394378647,14.191209268752578,yellow,8
9,23675,12.797772333685323,2.7082373812038014,14.932508975712778,yellow,8
10,23140,12.922923509075195,2.793909248055315,15.014873235378854,yellow,8
11,24064,12.926813497340426,2.7737042885638297,15.108817458998226,yellow,8
12,25771,13.169528927864654,2.8579523495401804,15.347775277120277,yellow,8
13,26086,13.347417388637583,2.934918347006057,15.45221255334918,yellow,8
14,27074,13.680305459112065,3.0513289502844056,16.379549875649456,yellow,8
15,26755,13.505655391515605,2.97384787890114,16.448760356319692,yellow,8
16,25492,13.846784089125999,3.0891322767927196,16.56405146712694,yellow,8
17,28727,13.401682041285202,2.9557367633237024,16.040946960466925,yellow,8
18,32466,12.426422411137805,2.7604416928479023,14.29896661122405,yellow,8
19,31083,12.09096676639964,2.79103593604221,13.223225450138875,yellow,8
20,28234,12.475516752851172,3.0420808245377913,13.208419517839012,yellow,8
21,28301,12.70049856895516,3.15972933818593,13.116722612864091,yellow,8
22,26033,13.140952252909768,3.304934890331502,13.38826745540916,yellow,8
23,21981,13.608955461534963,3.521572721896183,13.384324340718498,yellow,8
0,16203,13.556051348515707,3.485327408504598,13.211381637145385,yellow,9
1,11638,12.555980409004984,3.2281062038150883,11.911672967863893,yellow,9
2,8635,11.980196873190504,3.0907319050376376,11.298235861802741,yellow,9
3,6067,12.36621559254986,3.2656354046480964,11.337311136750726,yellow,9
4,4646,14.431123547137322,4.014184244511408,12.05962476682451,yellow,9
5,4786,15.630488926034268,4.578932302549101,12.045330129544505,yellow,9
6,11337,12.951819705389433,3.481765899267884,11.840059098526947,yellow,9
7,18609,12.767555483905637,3.0063227470578755,14.003000340337113,yellow,9
8,21606,12.953755438304176,2.7180542441914284,15.538152982196303,yellow,9
9,22465,13.214297351435567,2.687290006677053,16.05441130647674,yellow,9
10,23263,13.185345398271934,2.7519056011692387,15.773930705412027,yellow,9
11,24110,13.31719162173372,2.7723840729987552,15.860284805751418,yellow,9
12,25475,13.44619901864573,2.806406280667321,16.04291265947007,yellow,9
13,25931,13.641336624117852,2.8924380085611814,16.273339503554304,yellow,9
14,27324,14.24264053579271,3.080239350021959,17.474594373688575,yellow,9
15,26929,14.106764826023989,3.011640239147388,17.529351875920632,yellow,9
16,25327,14.421660678327477,3.149039365104434,17.821949566338954,yellow,9
17,28879,13.819981993836352,2.9861335226289,17.041961863868785,yellow,9
18,32132,12.800016183244118,2.7508384165318063,15.42177268766339,yellow,9
19,31359,12.607384164035844,2.8055349341496862,14.612536007738342,yellow,9
20,28732,12.977903731031603,3.075485869413894,14.269009582811268,yellow,9
21,27493,13.209061943040046,3.2440122940384826,14.02435347179282,yellow,9
22,25682,13.39816330503855,3.3337933182773924,13.968309840874284,yellow,9
23,21372,13.84698062886019,3.538656185663485,13.958264707717262,yellow,9
0,14772,13.430138099106417,3.404469943135662,13.28455975268526,yellow,10
1,10250,12.675318048780488,3.251408780487805,12.27800650406504,yellow,10
2,7462,12.169190565532029,3.121190029482712,11.613222549807915,yellow,10
3,5193,12.480672058540343,3.2747718082033503,11.42929584697349,yellow,10
4,3971,15.10051624276001,4.295180055401662,12.295987576596996,yellow,10
5,4969,15.675892533708994,4.584791708593278,12.09623331320856,yellow,10
6,11581,13.060489595026336,3.4800569898972458,12.032468410902915,yellow,10
7,19833,12.575059748903342,2.976860787576262,13.830150086556076,yellow,10
8,23359,12.708305150049231,2.7101472665781925,15.12703597471353,yellow,10
9,23612,13.005626799932237,2.6985465017787567,15.655874131797392,yellow,10
10,23520,12.928279761904763,2.6938397108843537,15.431680839002269,yellow,10
11,24485,13.20733020216459,2.6732558709413925,16.015959430944115,yellow,10
12,25400,13.578044488188977,2.8003307086614173,16.34108661417323,yellow,10
13,25125,13.98860736318408,2.995323383084577,16.65048225538972,yellow,10
14,26735,14.23704020946325,3.0713446792593975,17.640656442865158,yellow,10
15,26796,14.252611210628451,3.026866323331841,18.02776907001045,yellow,10
16,24898,14.614873082175274,3.1571238653707128,18.415272311029,yellow,10
17,28701,13.84803665377513,2.931014598794467,17.59066583045887,yellow,10
18,32285,13.052432089205514,2.738129162149605,16.201242579113107,yellow,10
19,31637,12.533109966178841,2.7410212725606096,14.738333280652402,yellow,10
20,28827,12.953490477677178,3.073307662954869,14.192048542454412,yellow,10
21,28149,13.153399765533411,3.173232796902199,13.951371274290384,yellow,10
22,26633,13.395966657905607,3.2822258100852326,14.102718432020426,yellow,10
23,21807,13.82061539872518,3.458147842435915,14.15631907185766,yellow,10
0,14841,13.364064416144464,3.413710666397143,13.106357388316152,yellow,11
1,10783,12.483914495038485,3.229944356858017,11.879597514606324,yellow,11
2,7389,12.171741778319124,3.1456949519556097,11.368189200162403,yellow,11
3,5040,12.933196428571428,3.467140873015873,11.537787698412698,yellow,11
4,4169,15.17531782201967,4.300062365075558,12.162229151675062,yellow,11
5,5087,16.05848240613328,4.75437389424022,12.381370814494463,yellow,11
6,11523,13.13299748329428,3.503995487286297,12.013353004136654,yellow,11
7,19609,12.416560252945075,2.9337238002957826,13.47205109898516,yellow,11
8,22816,12.760304172510518,2.7291593618513326,15.127062879850397,yellow,11
9,23336,12.798748285910182,2.663656582104902,15.169572763112788,yellow,11
10,24339,12.884890504950901,2.6841858745223717,15.304872837832285,yellow,11
11,24852,12.97444310317077,2.6259938837920487,15.643008610976983,yellow,11
12,26274,13.290189540991094,2.7359180178122857,15.909545558346656,yellow,11
13,26843,13.637678724434677,2.8664582945274373,16.420107042183563,yellow,11
14,27652,14.157215752929265,3.012100752205989,17.612303510294616,yellow,11
15,27624,13.887539458441935,2.8407301621778163,17.8322666280529,yellow,11
16,24888,14.661704435872709,3.0838858084217295,18.99480338583521,yellow,11
17,28194,13.856352770092927,2.8211101652833936,18.02589203376605,yellow,11
18,31414,13.182678741962182,2.6983822499522505,16.58593726788481,yellow,11
19,30363,12.701621710634655,2.746511214306887,14.991360098365336,yellow,11
20,28048,12.905522675413575,2.9841076012549914,14.367560372694427,yellow,11
21,27771,12.93571351409744,3.0784915919484352,13.9790764946647,yellow,11
22,26236,13.185426513187984,3.1938351882908984,14.00510621537836,yellow,11
23,20909,13.469202257401118,3.331671050743699,13.890504089148212,yellow,11
0,16604,13.144346543001687,3.3218959286918817,13.210254557134828,yellow,12
1,11845,12.484889826931195,3.2220219501899536,11.991788377655833,yellow,12
2,8382,11.78567406346934,3.034247196373181,11.141018452238924,yellow,12
3,5814,12.820822153422771,3.4240574475404197,11.610064786148378,yellow,12
4,4550,14.98701978021978,4.270448351648352,12.263098901098902,yellow,12
5,4531,15.892361509600528,4.674195541822997,12.278786875597735,yellow,12
6,10156,13.18023335959039,3.573447223316266,11.698034002888276,yellow,12
7,16780,12.515168057210964,3.0344004767580453,13.111362733412792,yellow,12
8,20994,12.405359626559969,2.739255025245308,14.07042488329999,yellow,12
9,22595,12.452114627129896,2.670755919451206,14.366553809839935,yellow,12
10,24186,12.41231580253039,2.647248408170016,14.352613771052123,yellow,12
11,25425,12.70127708947886,2.630211602753196,14.976373647984268,yellow,12
12,26871,12.98798369989952,2.6972769900636373,15.374550010544205,yellow,12
13,27411,13.30030972967057,2.844754295720696,15.757304245254339,yellow,12
14,28381,13.609794228533174,2.903444205630527,16.833026202976168,yellow,12
15,28497,13.622504474155175,2.837807488507562,17.17223567393059,yellow,12
16,25683,13.963385118560916,2.964599540552116,17.665360355098702,yellow,12
17,28288,13.490991233031673,2.7769107041855206,17.208189573906484,yellow,12
18,30813,12.919807224223543,2.6700655567455294,16.007592574562686,yellow,12
19,29827,12.53291078552989,2.669270794917357,14.83488729450945,yellow,12
20,27369,12.721450911615332,2.890934268698162,14.311569050141888,yellow,12
21,27531,12.968401438378555,3.036968145000182,14.19684113665807,yellow,12
22,25885,13.246116283561907,3.1612149893760866,14.255882428691004,yellow,12
23,21582,13.503923176721342,3.3245250671856175,13.943055941679795,yellow,12
0,15844,11.050145165362283,2.7131412522090383,10.80225111503829,green,1
1,11918,11.197768081892935,2.797361973485484,10.782601946635342,green,1
2,8783,11.645229420471365,2.964680633041102,11.130464154237353,green,1
3,6916,12.153629265471372,3.13026026604974,11.496604491999229,green,1
4,6022,12.807298239787446,3.390705745599469,11.85834440385254,green,1
5,4321,14.528349919000231,4.039532515621384,12.740538455604414,green,1
6,6721,15.094408570153252,4.025805683678024,14.979524376332886,green,1
7,14756,13.478328137706695,3.174778395229059,15.300856148911176,green,1
8,22547,12.816449638532841,2.8792358185124405,14.95027719874041,green,1
9,24168,12.632639854352863,2.8890280536246276,14.252005406598258,green,1
10,23183,12.463676832161497,2.874723288616659,13.753897252296941,green,1
11,22183,12.402733624847858,2.848842356759681,13.755683030548918,green,1
12,22130,12.554861274288298,2.9003741527338454,13.822776020485012,green,1
13,23056,12.486273854961834,2.851628643303261,13.97987147235716,green,1
14,25734,12.612482319110903,2.7924232532835935,15.426896323929432,green,1
15,28963,12.38581707696026,2.6735621309947177,15.699962020508925,green,1
16,31609,12.182800151855485,2.609249264449998,15.559540004429119,green,1
17,33837,11.658604781747792,2.4487732363980257,14.912700594024292,green,1
18,36327,10.944226883585213,2.3555867536543067,13.239012763692752,green,1
19,34196,10.346276172651772,2.3132141186103636,11.702195675907513,green,1
20,29087,10.323480936500843,2.393130264379276,11.009704220671319,green,1
21,25541,10.534756665753102,2.5014846717043184,10.827337091995876,green,1
22,22639,10.904624762577852,2.66105172489951,10.918365799431658,green,1
23,19519,10.913064193862391,2.672735283569855,10.706869375138753,green,1
0,15335,10.925139223997393,2.7014254972285623,10.58426692750788,green,2
1,10930,11.17676120768527,2.801801463860933,10.682345227203417,green,2
2,7870,11.603303684879288,2.9481181702668358,10.85695891571368,green,2
3,6547,12.25391018787231,3.2083198411486173,11.44927956825009,green,2
4,5659,13.067997879484007,3.4872981092065736,12.04462213583083,green,2
5,4074,15.208946980854197,4.3014113892979875,13.366449844542627,green,2
6,6816,15.278097124413145,4.159887030516432,14.856927327856026,green,2
7,15125,13.683800330578514,3.2522545454545453,15.40529256198347,green,2
8,22968,13.050605189829326,2.949191919191919,15.15175824335307,green,2
9,24796,12.76656718825617,2.953621955154057,14.33744353928053,green,2
10,23324,12.616236494597839,2.957601612073401,13.890117475561652,green,2
11,22918,12.575849114233353,2.925732175582511,13.910957180673124,green,2
12,22761,12.755693950177935,2.9661930495145206,14.194574784353353,green,2
13,23924,12.586698294599564,2.9034308644039455,14.194080560664327,green,2
14,26126,12.452804103192223,2.7866887391870168,15.148379647350021,green,2
15,28297,12.447475704138247,2.7280082694278542,15.588577116537678,green,2
16,31390,12.30490410958904,2.6621933736858874,15.4982568758628,green,2
17,33083,11.728510110933108,2.503167790103679,14.627582645668973,green,2
18,36244,10.95683175146231,2.3562490343229223,13.172852058271713,green,2
19,33295,10.578186514491664,2.3792004805526354,11.85432096911448,green,2
20,29179,10.574427499228896,2.454342849309435,11.424209191541863,green,2
21,26101,10.769139496571013,2.5502252787249526,11.241073138960193,green,2
22,23299,11.268531267436371,2.7489235589510277,11.47548178033392,green,2
23,19939,11.18662721299965,2.75924218867546,11.07720882023505,green,2
0,15478,11.163603824783564,2.749023129603308,10.970009045096266,green,3
1,11074,11.260430738667148,2.813164168322196,11.618261995063511,green,3
2,7567,11.529337914629311,2.936570635654817,10.847407603189286,green,3
3,6782,12.372090828664112,3.2510572102624593,11.402069202791703,green,3
4,6072,13.509308300395258,3.643463438735178,12.48403326745718,green,3
5,4536,16.497806437389773,4.768564814814814,14.816563786008231,green,3
6,7463,17.671767385769797,4.935225780517218,17.331421680289427,green,3
7,15304,14.967737846314689,3.652635258755881,16.99681129116571,green,3
8,23571,14.066068473972253,3.2792325315005724,16.4012621441602,green,3
9,24947,13.626907443780816,3.227241351665531,15.407356261941983,green,3
10,23472,13.407177062031357,3.184106169052488,14.928580862304022,green,3
11,22776,13.517068844397611,3.1996167017913595,15.060549116028568,green,3
12,22768,13.73155876669009,3.2632532501756852,15.366334328882642,green,3
13,22489,13.647783360754147,3.2195366623682693,15.456024426756784,green,3
14,25116,13.601986781334608,3.114697005892658,16.62705645803472,green,3
15,28232,13.664812978180787,3.0420005667327854,17.100184188155286,green,3
16,30577,13.527813062105505,2.949106517971024,17.34552768420708,green,3
17,33434,12.723377400251241,2.7403299036908537,16.116968754361825,green,3
18,35286,11.563020177974266,2.5255665136314684,13.879753537758129,green,3
19,32733,11.13573091375676,2.5311224146885407,12.579161193087506,green,3
20,29355,10.931424288877535,2.543094191790155,11.88946289672401,green,3
21,26443,11.143567673864538,2.659691789887683,11.708469160080172,green,3
22,23952,11.258360888443555,2.7320394956579825,11.56011884880873,green,3
23,20573,11.282196568317698,2.7664949205269043,11.313032453539428,green,3
0,15599,11.399905122123213,2.8297775498429383,11.21871701177426,green,4
1,11472,11.411773884239889,2.8609640864714088,10.947151034402603,green,4
2,8278,11.944491423049046,3.081791495530321,11.26181847467182,green,4
3,6814,12.266891693572058,3.204638978573525,11.71812444966246,green,4
4,5782,13.959097198201315,3.8274680041508127,12.416695491756023,green,4
5,4402,17.219804634257155,5.0277033166742395,14.637149780402847,green,4
6,7447,18.451369679065397,5.202547334497114,18.09867284365069,green,4
7,14973,15.934615641488012,3.9104915514592933,18.300908301609564,green,4
8,22720,14.708956866197184,3.408873679577465,17.417959213615024,green,4
9,24938,14.348145400593472,3.4144293848744884,16.460151843237895,green,4
10,23670,14.19961765948458,3.402904942965779,15.981812420785804,green,4
11,23390,14.232357845233004,3.3913950406156474,15.916502066410146,green,4
12,23605,14.22847744122008,3.389560262656217,16.023915130975077,green,4
13,22950,14.32378649237473,3.3940139433551195,16.335955700798838,green,4
14,25620,14.294279078844653,3.302996487119438,17.619071038251366,green,4
15,28376,14.375512757259656,3.2317366788835633,18.242189996240956,green,4
16,29731,14.208449093538732,3.151826712858633,18.141711793526397,green,4
17,32805,13.156366712391403,2.8776055479347664,16.48957069552406,green,4
18,36177,12.0100594300246,2.687439533405202,14.281354636002616,green,4
19,32355,11.299272446298872,2.6083909751197654,12.567458404162158,green,4
20,29111,11.305541891381266,2.6818913812648137,12.1964480780461,green,4
21,25810,11.535135218907401,2.7976024796590466,12.020368074389772,green,4
22,23960,11.791729966611017,2.919853088480801,11.943551752921536,green,4
23,20015,11.802318760929303,2.94732700474644,11.792915313514865,green,4
0,15182,11.671006455012515,2.9483427743380317,11.366381240943221,green,5
1,10716,11.364049085479657,2.8611618141097424,11.005720418066444,green,5
2,7345,11.860599046970728,3.0619605173587474,11.185629680054458,green,5
3,5407,12.694470131311263,3.3693693360458665,11.451128167190678,green,5
4,4972,14.203240144810941,3.9424074818986328,12.525338562617323,green,5
5,4634,17.841022874406562,5.267296072507553,15.28197381671702,green,5
6,8234,18.753501335924216,5.2838693223220785,18.700552586835073,green,5
7,15990,16.67162539086929,4.088220762976861,19.35151136126746,green,5
8,23453,15.25497804118876,3.5482616296422633,18.211476854418056,green,5
9,25453,14.896539111303186,3.5179248025772996,17.235951230372322,green,5
10,24817,14.815941894668976,3.560664060925978,16.75944312366523,green,5
11,24732,14.747163189390264,3.5111782306323795,16.762583562456197,green,5
12,25210,14.993277270924237,3.575973423244744,17.097859315086605,green,5
13,24391,14.814024025255216,3.4945336394571767,17.12221311139355,green,5
14,27325,14.897010064043915,3.391235132662397,18.993766392192743,green,5
15,30486,15.027655317194776,3.3089021190054453,19.611933346454112,green,5
16,31910,15.029359761830147,3.2816696960200566,19.53136477593231,green,5
17,33662,13.905472045630088,2.9882166835006836,17.79752193373339,green,5
18,35309,12.581165991673512,2.7883233736441135,15.259853484003132,green,5
19,30728,11.833855115855247,2.749673913043478,13.180667469409007,green,5
20,23874,11.89331490324202,2.8690303258775236,12.75860280360783,green,5
21,23798,12.125070173964199,2.9940940415160937,12.586767795613078,green,5
22,22198,12.244653121902875,3.0642589422470494,12.498787428296843,green,5
23,20174,12.104188559532071,3.0471314563299297,11.986290109381711,green,5
0,16229,12.081985951075234,3.0238018362191137,12.039421200731201,green,6
1,11513,11.837062451142188,3.020115521584296,11.431345725122327,green,6
2,8063,11.89640332382488,3.048805655463227,11.24114473521022,green,6
3,5943,12.681995625105166,3.36313982836951,11.660533400639409,green,6
4,5447,14.097068110886726,3.8774205984945844,12.407147665381556,green,6
5,4866,17.47181257706535,5.1722914097821615,14.941471434443073,green,6
6,8001,18.973418322709662,5.427425321834771,18.453068366454193,green,6
7,15003,17.150792508165033,4.406041458374991,19.017948632495724,green,6
8,22967,15.300422780511168,3.6518038925414724,17.795709060826404,green,6
9,25220,14.943736716891355,3.612823552735924,16.87725614591594,green,6
10,24673,14.78002350747781,3.588522271308718,16.5502445318094,green,6
11,24571,14.713628667941883,3.507069716332262,16.70860160351634,green,6
12,25457,15.188260596299642,3.638612955179322,17.319461575729008,green,6
13,24482,14.771395719303978,3.494616044440814,17.07756991531193,green,6
14,27269,14.807310132384758,3.384433972642928,18.616489420220763,green,6
15,29697,14.952198875307271,3.3274896454187295,19.107832440987305,green,6
16,31389,15.186691516136227,3.3882949440886936,19.58053511315004,green,6
17,32794,13.987786180398855,3.0676550588522287,17.7616804903336,green,6
18,34773,12.539297730998188,2.8015201449400395,15.13094402745425,green,6
19,31085,11.918386681679266,2.7773881293228246,13.26878987721838,green,6
20,23194,12.100454427869277,2.9256070535483314,12.977918858325427,green,6
21,23827,12.676310907793681,3.156220254333319,13.368721058742883,green,6
22,22513,13.144563585483942,3.3158335184115844,13.509562623077036,green,6
23,21024,12.69802939497717,3.1909869672754945,12.875626268391681,green,6
0,16688,12.060482981783316,3.0361978667305847,11.992164030041547,green,7
1,11948,11.715235185805156,2.9640241044526285,11.360866532753041,green,7
2,8684,12.03204744357439,3.0896280515891297,11.360853293413173,green,7
3,6882,12.722685265911073,3.3654184829991283,11.787515741547999,green,7
4,5702,14.30129603647843,3.947855138547878,12.685011107213843,green,7
5,4726,17.61212441811257,5.230865425306813,14.922027084214982,green,7
6,7892,18.932831981753676,5.4753091738469335,17.898340091231628,green,7
7,14354,17.28023408109238,4.56696321582834,18.493458269471923,green,7
8,22623,15.463134862750298,3.748883437209919,17.70251513945984,green,7
9,25342,14.839606187356956,3.6145394996448585,16.478114066240497,green,7
10,24092,14.675119956832143,3.6064955171841278,16.12185303558581,green,7
11,23924,14.622013459287745,3.564508443404113,16.20129646658864,green,7
12,24385,14.658791470166086,3.5673758458068487,16.30589638438931,green,7
13,23713,14.56593767131953,3.5224007928140684,16.341683183626422,green,7
14,26135,14.487722211593649,3.4325812129328486,17.58729481538167,green,7
15,28379,14.460520455266218,3.351851368970013,17.594865334695843,green,7
16,30474,14.628514799501213,3.3841038262125087,17.91622311916169,green,7
17,32108,13.658509405755574,3.0930546904198333,16.764422158548232,green,7
18,34389,12.357630928494578,2.835679723167292,14.473302509523394,green,7
19,31760,11.890788098236776,2.8115311712846345,13.074751784214945,green,7
20,26198,12.162440262615466,2.958866707382243,13.063059521083034,green,7
21,25533,12.593238554028119,3.1127039517487174,13.432709957049049,green,7
22,23082,13.035410709643877,3.3036924876527163,13.420967998151518,green,7
23,20987,12.572928956020393,3.168619621670558,12.687436667143153,green,7
0,14956,12.27454132120888,3.121654185611126,11.944908397967371,green,8
1,10479,11.787585647485447,2.9938820498139136,11.3487769189172,green,8
2,7877,11.904913037958615,3.0634987939570903,11.310316956540138,green,8
3,6267,12.478619754268388,3.2712031274932185,11.580261688208074,green,8
4,5549,14.058156424581007,3.8514957650027033,12.515786628221303,green,8
5,4634,17.65527621924903,5.2757423392317655,14.762936987483815,green,8
6,8200,19.059562195121952,5.55650487804878,17.63692682926829,green,8
7,15060,17.335569721115537,4.654034528552456,18.11640991589199,green,8
8,23512,15.598607519564478,3.898602415787683,17.479725246682545,green,8
9,26199,14.729543494026489,3.650577884652086,16.303496952809905,green,8
10,25035,14.684298781705612,3.655201917315758,16.38857133346648,green,8
11,24488,14.52562438745508,3.5801204671675926,16.33305564630295,green,8
12,24847,14.614652875598665,3.5932816839055017,16.567873385116915,green,8
13,24002,14.469893342221482,3.5241496541954835,16.529829458656224,green,8
14,26871,14.641788545271854,3.5332298760745786,17.621443191544788,green,8
15,28994,14.656206456508242,3.4374663723529,18.003323676162882,green,8
16,30857,14.839106523641313,3.4512762096120815,18.24943826900433,green,8
17,32312,13.957891804902204,3.21547815053231,16.90051786745894,green,8
18,34693,12.548333093131179,2.9028253538177733,14.615434429615965,green,8
19,31540,12.035188332276475,2.8526461636017757,13.206283555273727,green,8
20,26571,12.513218546535697,3.067485604606526,13.575930525761168,green,8
21,24180,12.954632340777502,3.2745736145574855,13.476637717121587,green,8
22,22706,13.045138289438913,3.3434321324759977,13.240343227928008,green,8
23,20171,12.888331763422736,3.310044618511725,12.736807793366713,green,8
0,15259,12.780211678353758,3.297792122681696,12.370430565567862,green,9
1,11194,12.278944970519921,3.1509871359656962,11.732404264189148,green,9
2,8330,12.676002400960385,3.294906362545018,11.943115246098438,green,9
3,6724,13.176531826293873,3.4799048185603807,12.182485623636726,green,9
4,5874,14.336556009533536,3.8978804902962207,12.817472477584836,green,9
5,4603,18.394462307190963,5.443228329350424,16.034155261061624,green,9
6,7798,19.811342651962043,5.621523467555783,19.738266222108233,green,9
7,16083,17.19494808182553,4.272433003792824,19.730805819809735,green,9
8,22949,15.638996906183277,3.727677458712798,18.815254840443302,green,9
9,25679,15.002119630826746,3.6312247361657386,17.410484572348352,green,9
10,24619,14.858076282546,3.657080303830375,16.84141652111513,green,9
11,24715,14.840666396924945,3.63707505563423,16.76827095556005,green,9
12,25238,14.669987716934783,3.5647820746493384,16.77905275114246,green,9
13,23940,14.811487886382624,3.6232009189640766,16.97154692286271,green,9
14,26924,14.957618481652057,3.531542861387609,18.346808918932304,green,9
15,29450,15.38604855687606,3.5323276740237692,19.066092812676853,green,9
16,31058,15.511287590958851,3.549814862515294,19.405937278639964,green,9
17,33044,14.316839970947827,3.2286469555743857,17.72819271274664,green,9
18,34445,12.976884308317608,2.978587022789955,15.26510088546959,green,9
19,30394,12.593664210041457,2.969580180298743,14.322631111403567,green,9
20,26644,12.656986938898063,3.10915478156433,13.802095531201521,green,9
21,23962,13.069595609715384,3.3105713212586596,13.63411234454553,green,9
22,21939,13.51526642052965,3.4932872965951045,13.554880957807253,green,9
23,19135,13.355883982231513,3.476950614058009,13.187948784949047,green,9
0,13351,11.916236236985995,2.982247771702494,11.79318153446683,green,10
1,9592,11.69500834028357,2.9210008340283573,11.402721017514596,green,10
2,7202,12.038557345181895,3.075684532074424,11.468101453300008,green,10
3,5840,13.087294520547946,3.4264075342465756,11.993878424657535,green,10
4,5334,14.50429696287964,3.9711454818147733,13.09070428696413,green,10
5,4522,19.610194604157453,5.872733303847855,16.878951054105855,green,10
6,8012,21.51732526210684,6.171125811283075,21.785128557164256,green,10
7,17138,17.83062492706267,4.424678492239468,20.91270860077022,green,10
8,24746,15.837840054958377,3.787698617958458,19.305256068320805,green,10
9,27428,15.3913336736182,3.7759213212775267,17.86855889358806,green,10
10,26460,15.235287226001512,3.7828896447467875,17.28076593600403,green,10
11,25690,15.380815881666017,3.8359634098871154,17.399466069806667,green,10
12,25783,15.152247992863513,3.7609164953651635,17.17297185483975,green,10
13,24534,15.246096437596803,3.7561164098801663,17.46378563082525,green,10
14,27570,15.384884294523033,3.67481138919115,19.216777898682142,green,10
15,29342,15.949182400654351,3.659919910026583,20.136368232113238,green,10
16,31109,16.20534925584236,3.7018808061975634,20.70909918887353,green,10
17,33919,14.59699784781391,3.222579380288334,18.67387649006948,green,10
18,33106,13.149503715338609,2.9364338790551563,16.162938238788538,green,10
19,31090,12.381271791572853,2.8598089417819237,14.361417926450091,green,10
20,26143,12.143577630723328,2.9432402555177295,13.305675834193984,green,10
21,23328,12.253501371742113,3.0331520061728394,12.918087705761318,green,10
22,20945,12.419778467414657,3.105083313439962,12.761041616933237,green,10
23,17816,12.364235518634935,3.0934766502020654,12.496591079179764,green,10
0,12564,11.414062400509392,2.843722540592168,11.218973522232833,green,11
1,9414,11.300489696197152,2.82029105587423,10.921940726577438,green,11
2,6349,12.102699637738226,3.1287289336903448,11.356872473355384,green,11
3,5168,13.317685758513932,3.5565789473684215,12.188312693498451,green,11
4,4864,14.918838404605262,4.159395559210526,13.264179002192982,green,11
5,4266,19.676521331458037,5.888422409751524,17.134032661353338,green,11
6,8167,21.8802608056814,6.304327170319579,21.944318599240848,green,11
7,16431,17.68084657050697,4.477285010041994,20.795535877305095,green,11
8,24191,15.96421809763962,3.8672444297465995,19.289183994047374,green,11
9,27143,15.523563718085695,3.8592830564049665,17.893828979847473,green,11
10,27078,15.369285397739864,3.8400897407489474,17.335243863406948,green,11
11,26304,15.452098540145986,3.8535291210462286,17.48414563057583,green,11
12,25927,15.422294133528753,3.8326412620048598,17.40979416567028,green,11
13,26409,15.365965390586544,3.776835927146049,17.707453267194264,green,11
14,28938,15.576241965581588,3.65292902066487,19.392491418434812,green,11
15,31169,15.924366838846291,3.586324553242003,20.399416621215522,green,11
16,31799,16.368981728985187,3.64784238498066,21.530146126188455,green,11
17,32751,14.894925651125158,3.2244978779273916,19.58087742867902,green,11
18,32991,13.318463823467006,2.963047497802431,16.45664221555374,green,11
19,30940,12.15327440206852,2.838768907563025,13.965657724628313,green,11
20,26957,12.062396038134807,2.9277772007270837,13.026588641169269,green,11
21,22895,12.059859357938414,2.9834094780519766,12.630082259590885,green,11
22,20212,12.20325153374233,3.0688205026716804,12.40734052378125,green,11
23,17073,12.04191413342705,3.0325964973935453,12.007014974911653,green,11
0,13781,11.63453740657427,2.9259378854945215,11.377213796773335,green,12
1,10247,11.41185224943886,2.8813926027129892,10.952670700367587,green,12
2,7274,11.932705526532857,3.066963156447622,11.251926954449637,green,12
3,5849,12.971492562831253,3.4364540947170457,11.919843847951217,green,12
4,5355,14.899887955182072,4.111434173669467,13.03882041705571,green,12
5,4319,19.598205603148877,5.937636026858069,16.870749401867716,green,12
6,7278,21.711450948062655,6.539038197306953,21.778050288540808,green,12
7,14661,17.79321601527863,4.759000068208171,20.276412477548146,green,12
8,21816,15.961993491015766,4.030939218921892,18.679424122967852,green,12
9,25594,15.537553332812378,3.957390794717512,17.450388111797036,green,12
10,25930,15.425944080215965,3.9333752410335516,17.033589150276384,green,12
11,25607,15.276888741359784,3.849648143085875,17.006135692063367,green,12
12,25250,15.3826198019802,3.8833120792079208,17.198509570957096,green,12
13,26816,15.07502796837709,3.742472404534606,17.181104564439142,green,12
14,28181,15.117624995564386,3.6539384691813632,18.620583608341317,green,12
15,31112,15.165605232707637,3.5293600539984573,19.156367318076626,green,12
16,31381,15.760069150122685,3.618009623657627,20.19638953506899,green,12
17,33424,14.57096278123504,3.2505313547151746,18.696679531673848,green,12
18,33464,12.894781257470715,2.91393527372699,15.59919067256355,green,12
19,31679,12.162106758420405,2.8533577448783105,13.74169744415333,green,12
20,27287,12.094682815992963,2.955089603107707,13.020627038516508,green,12
21,24501,12.083821884821026,2.993727194808375,12.539227650572084,green,12
22,21282,12.16070294145287,3.045320458603515,12.428302477837297,green,12
23,17912,11.782780817329165,2.9606051808843232,11.742204481167187,green,12
